timestamp,function_name,active_instances
2025-02-23 18:55:00+00:00,exif-processor,0
2025-02-23 18:54:00+00:00,exif-processor,1
2025-02-23 18:53:00+00:00,exif-processor,0
2025-02-23 18:52:00+00:00,exif-processor,0
2025-02-23 18:51:00+00:00,exif-processor,0
2025-02-23 18:50:00+00:00,exif-processor,0
2025-02-23 18:49:00+00:00,exif-processor,0
2025-02-23 18:48:00+00:00,exif-processor,0
2025-02-23 18:47:00+00:00,exif-processor,0
2025-02-23 18:46:00+00:00,exif-processor,4
2025-02-23 18:45:00+00:00,exif-processor,0
2025-02-23 18:55:00+00:00,format-converter,4
2025-02-23 18:54:00+00:00,format-converter,0
2025-02-23 18:53:00+00:00,format-converter,1
2025-02-23 18:52:00+00:00,format-converter,0
2025-02-23 18:51:00+00:00,format-converter,0
2025-02-23 18:50:00+00:00,format-converter,0
2025-02-23 18:49:00+00:00,format-converter,0
2025-02-23 18:48:00+00:00,format-converter,0
2025-02-23 18:47:00+00:00,format-converter,0
2025-02-23 18:46:00+00:00,format-converter,0
2025-02-23 18:45:00+00:00,format-converter,4
2025-02-23 18:55:00+00:00,input-handler,1
2025-02-23 18:54:00+00:00,input-handler,4
2025-02-23 18:53:00+00:00,input-handler,1
2025-02-23 18:52:00+00:00,input-handler,0
2025-02-23 18:51:00+00:00,input-handler,0
2025-02-23 18:50:00+00:00,input-handler,0
2025-02-23 18:49:00+00:00,input-handler,0
2025-02-23 18:48:00+00:00,input-handler,0
2025-02-23 18:47:00+00:00,input-handler,0
2025-02-23 18:46:00+00:00,input-handler,0
2025-02-23 18:45:00+00:00,input-handler,4
2025-02-23 18:55:00+00:00,metadata-extractor,1
2025-02-23 18:54:00+00:00,metadata-extractor,1
2025-02-23 18:53:00+00:00,metadata-extractor,0
2025-02-23 18:52:00+00:00,metadata-extractor,0
2025-02-23 18:51:00+00:00,metadata-extractor,0
2025-02-23 18:50:00+00:00,metadata-extractor,0
2025-02-23 18:49:00+00:00,metadata-extractor,0
2025-02-23 18:48:00+00:00,metadata-extractor,0
2025-02-23 18:47:00+00:00,metadata-extractor,0
2025-02-23 18:46:00+00:00,metadata-extractor,0
2025-02-23 18:45:00+00:00,metadata-extractor,5
2025-02-23 18:55:00+00:00,rgb-channel-separator,4
2025-02-23 18:54:00+00:00,rgb-channel-separator,0
2025-02-23 18:53:00+00:00,rgb-channel-separator,1
2025-02-23 18:52:00+00:00,rgb-channel-separator,0
2025-02-23 18:51:00+00:00,rgb-channel-separator,0
2025-02-23 18:50:00+00:00,rgb-channel-separator,0
2025-02-23 18:49:00+00:00,rgb-channel-separator,0
2025-02-23 18:48:00+00:00,rgb-channel-separator,0
2025-02-23 18:47:00+00:00,rgb-channel-separator,0
2025-02-23 18:46:00+00:00,rgb-channel-separator,0
2025-02-23 18:45:00+00:00,rgb-channel-separator,4
2025-02-23 18:55:00+00:00,thumbnail-generator,1
2025-02-23 18:54:00+00:00,thumbnail-generator,1
2025-02-23 18:53:00+00:00,thumbnail-generator,0
2025-02-23 18:52:00+00:00,thumbnail-generator,0
2025-02-23 18:51:00+00:00,thumbnail-generator,0
2025-02-23 18:50:00+00:00,thumbnail-generator,0
2025-02-23 18:49:00+00:00,thumbnail-generator,0
2025-02-23 18:48:00+00:00,thumbnail-generator,0
2025-02-23 18:47:00+00:00,thumbnail-generator,0
2025-02-23 18:46:00+00:00,thumbnail-generator,0
2025-02-23 18:45:00+00:00,thumbnail-generator,4
